fecha_hora_colombia;estado;detalle;fecha_utc;captura
2026-10-06 14:53:55;sin_citas;No se encontraron especialidades relacionadas según los filtros seleccionados.;2026-10-06T19:53:55Z;
2026-10-06 14:58:18;sin_citas;No se encontraron especialidades relacionadas según los filtros seleccionados.;2026-10-06T19:58:18Z;
2026-10-06 15:20:25;hay_citas;Trámites ofrecidos: Cali “Solicitud de devolución y/o compensación persona natural”.;2026-10-06T20:20:25Z;2026-10-06_152025.png
2026-10-06 15:40:19;sin_citas;No se encontraron especialidades relacionadas según los filtros seleccionados.;2026-10-06T20:40:19Z;
2026-10-06 16:17:45;sin_citas;No se encontraron especialidades relacionadas según los filtros seleccionados.;2026-10-06T21:17:45Z;
2026-10-06 16:22:45;sin_citas;No se encontraron especialidades relacionadas según los filtros seleccionados.;2026-10-06T21:22:45Z;
2026-10-06 16:27:45;sin_citas;No se encontraron especialidades relacionadas según los filtros seleccionados.;2026-10-06T21:27:45Z;
2026-10-06 16:32:46;sin_citas;No se encontraron especialidades relacionadas según los filtros seleccionados.;2026-10-06T21:32:46Z;
2026-10-06 16:37:47;sin_citas;No se encontraron especialidades relacionadas según los filtros seleccionados.;2026-10-06T21:37:47Z;
2026-10-06 16:42:53;hay_citas;Trámites ofrecidos: “Bucaramanga - Solicitud de devolución y/o compensación Vehículos eléctricos o Híbridos persona natural”, “Cali - Solicitud de devolución y/o compensación Vehículos eléctricos o Híbridos persona natural”, Bogotá Solicitud de devolución y/o compensación persona natural ., Bucarama;2026-10-06T21:42:53Z;2026-10-06_164253.png
2026-10-06 16:48:20;hay_citas;Trámites ofrecidos: “Cali - Solicitud de devolución y/o compensación Vehículos eléctricos o Híbridos persona natural”, “Medellín - Solicitud de devolución y/o compensación Vehículos eléctricos o Híbridos persona natural”, Bucaramanga “Solicitud de devolución y/o compensación persona natural”., Cali ;2026-10-06T21:48:20Z;2026-10-06_164820.png
2026-10-06 16:53:54;sin_citas;No se encontraron especialidades relacionadas según los filtros seleccionados.;2026-10-06T21:53:54Z;
2026-10-06 16:57:55;sin_citas;No se encontraron especialidades relacionadas según los filtros seleccionados.;2026-10-06T21:57:55Z;
2026-10-06 17:02:44;sin_citas;No se encontraron especialidades relacionadas según los filtros seleccionados.;2026-10-06T22:02:44Z;
2026-10-06 17:03:40;sin_citas;No se encontraron especialidades relacionadas según los filtros seleccionados.;2026-10-06T22:03:40Z;
2026-10-06 17:08:40;sin_citas;No se encontraron especialidades relacionadas según los filtros seleccionados.;2026-10-06T22:08:40Z;
2026-10-06 17:13:40;sin_citas;No se encontraron especialidades relacionadas según los filtros seleccionados.;2026-10-06T22:13:40Z;
2026-10-06 17:18:39;sin_citas;No se encontraron especialidades relacionadas según los filtros seleccionados.;2026-10-06T22:18:39Z;
2026-10-06 17:23:40;sin_citas;No se encontraron especialidades relacionadas según los filtros seleccionados.;2026-10-06T22:23:40Z;
2026-10-06 17:28:40;sin_citas;No se encontraron especialidades relacionadas según los filtros seleccionados.;2026-10-06T22:28:40Z;
2026-10-06 17:33:40;sin_citas;No se encontraron especialidades relacionadas según los filtros seleccionados.;2026-10-06T22:33:40Z;
2026-10-06 17:38:40;sin_citas;No se encontraron especialidades relacionadas según los filtros seleccionados.;2026-10-06T22:38:40Z;
2026-10-06 17:43:45;sin_citas;No se encontraron especialidades relacionadas según los filtros seleccionados.;2026-10-06T22:43:45Z;
2026-10-06 17:48:40;sin_citas;No se encontraron especialidades relacionadas según los filtros seleccionados.;2026-10-06T22:48:40Z;
2026-10-06 17:49:26;sin_citas;No se encontraron especialidades relacionadas según los filtros seleccionados.;2026-10-06T22:49:26Z;
2026-10-06 17:54:26;sin_citas;No se encontraron especialidades relacionadas según los filtros seleccionados.;2026-10-06T22:54:26Z;
2026-10-06 17:59:28;sin_citas;No se encontraron especialidades relacionadas según los filtros seleccionados.;2026-10-06T22:59:28Z;
2026-10-06 18:04:24;sin_citas;No se encontraron especialidades relacionadas según los filtros seleccionados.;2026-10-06T23:04:24Z;
2026-10-06 18:09:25;sin_citas;No se encontraron especialidades relacionadas según los filtros seleccionados.;2026-10-06T23:09:25Z;
2026-10-06 18:14:24;sin_citas;No se encontraron especialidades relacionadas según los filtros seleccionados.;2026-10-06T23:14:24Z;
2026-10-06 18:19:25;sin_citas;No se encontraron especialidades relacionadas según los filtros seleccionados.;2026-10-06T23:19:25Z;
2026-10-06 18:24:25;sin_citas;No se encontraron especialidades relacionadas según los filtros seleccionados.;2026-10-06T23:24:25Z;
2026-10-06 18:29:25;sin_citas;No se encontraron especialidades relacionadas según los filtros seleccionados.;2026-10-06T23:29:25Z;
2026-10-06 18:34:25;sin_citas;No se encontraron especialidades relacionadas según los filtros seleccionados.;2026-10-06T23:34:25Z;
2026-10-06 18:35:11;sin_citas;No se encontraron especialidades relacionadas según los filtros seleccionados.;2026-10-06T23:35:11Z;
2026-10-06 18:40:11;sin_citas;No se encontraron especialidades relacionadas según los filtros seleccionados.;2026-10-06T23:40:11Z;
2026-10-06 18:45:11;sin_citas;No se encontraron especialidades relacionadas según los filtros seleccionados.;2026-10-06T23:45:11Z;
2026-10-06 18:50:11;sin_citas;No se encontraron especialidades relacionadas según los filtros seleccionados.;2026-10-06T23:50:11Z;
2026-10-06 18:55:10;sin_citas;No se encontraron especialidades relacionadas según los filtros seleccionados.;2026-10-06T23:55:10Z;
2026-10-06 19:00:13;sin_citas;No se encontraron especialidades relacionadas según los filtros seleccionados.;2026-10-07T00:00:13Z;
2026-10-06 19:05:11;sin_citas;No se encontraron especialidades relacionadas según los filtros seleccionados.;2026-10-07T00:05:11Z;
2026-10-06 19:10:11;sin_citas;No se encontraron especialidades relacionadas según los filtros seleccionados.;2026-10-07T00:10:11Z;
2026-10-06 19:15:11;sin_citas;No se encontraron especialidades relacionadas según los filtros seleccionados.;2026-10-07T00:15:11Z;
2026-10-06 19:20:10;sin_citas;No se encontraron especialidades relacionadas según los filtros seleccionados.;2026-10-07T00:20:10Z;
2026-10-06 19:21:00;sin_citas;No se encontraron especialidades relacionadas según los filtros seleccionados.;2026-10-07T00:21:00Z;
2026-10-06 19:26:00;sin_citas;No se encontraron especialidades relacionadas según los filtros seleccionados.;2026-10-07T00:26:00Z;
2026-10-06 19:31:00;sin_citas;No se encontraron especialidades relacionadas según los filtros seleccionados.;2026-10-07T00:31:00Z;
2026-10-06 19:36:00;sin_citas;No se encontraron especialidades relacionadas según los filtros seleccionados.;2026-10-07T00:36:00Z;
2026-10-06 19:41:00;sin_citas;No se encontraron especialidades relacionadas según los filtros seleccionados.;2026-10-07T00:41:00Z;
2026-10-06 19:46:01;sin_citas;No se encontraron especialidades relacionadas según los filtros seleccionados.;2026-10-07T00:46:01Z;
2026-10-06 19:51:00;sin_citas;No se encontraron especialidades relacionadas según los filtros seleccionados.;2026-10-07T00:51:00Z;
2026-10-06 19:56:00;sin_citas;No se encontraron especialidades relacionadas según los filtros seleccionados.;2026-10-07T00:56:00Z;
2026-10-06 20:01:00;sin_citas;No se encontraron especialidades relacionadas según los filtros seleccionados.;2026-10-07T01:01:00Z;
2026-10-06 20:06:00;sin_citas;No se encontraron especialidades relacionadas según los filtros seleccionados.;2026-10-07T01:06:00Z;
2026-10-06 20:06:45;sin_citas;No se encontraron especialidades relacionadas según los filtros seleccionados.;2026-10-07T01:06:45Z;
2026-10-06 20:11:45;sin_citas;No se encontraron especialidades relacionadas según los filtros seleccionados.;2026-10-07T01:11:45Z;
2026-10-06 20:16:45;sin_citas;No se encontraron especialidades relacionadas según los filtros seleccionados.;2026-10-07T01:16:45Z;
2026-10-06 20:21:45;sin_citas;No se encontraron especialidades relacionadas según los filtros seleccionados.;2026-10-07T01:21:45Z;
2026-10-06 20:26:45;sin_citas;No se encontraron especialidades relacionadas según los filtros seleccionados.;2026-10-07T01:26:45Z;
2026-10-06 20:31:45;sin_citas;No se encontraron especialidades relacionadas según los filtros seleccionados.;2026-10-07T01:31:45Z;
2026-10-06 20:36:45;sin_citas;No se encontraron especialidades relacionadas según los filtros seleccionados.;2026-10-07T01:36:45Z;
2026-10-06 20:41:44;sin_citas;No se encontraron especialidades relacionadas según los filtros seleccionados.;2026-10-07T01:41:44Z;
2026-10-06 20:46:45;sin_citas;No se encontraron especialidades relacionadas según los filtros seleccionados.;2026-10-07T01:46:45Z;
2026-10-06 20:51:45;sin_citas;No se encontraron especialidades relacionadas según los filtros seleccionados.;2026-10-07T01:51:45Z;
2026-10-06 20:52:33;sin_citas;No se encontraron especialidades relacionadas según los filtros seleccionados.;2026-10-07T01:52:33Z;
2026-10-06 20:57:32;sin_citas;No se encontraron especialidades relacionadas según los filtros seleccionados.;2026-10-07T01:57:32Z;
2026-10-06 21:02:32;sin_citas;No se encontraron especialidades relacionadas según los filtros seleccionados.;2026-10-07T02:02:32Z;
2026-10-06 21:07:32;sin_citas;No se encontraron especialidades relacionadas según los filtros seleccionados.;2026-10-07T02:07:32Z;
2026-10-06 21:12:37;sin_citas;No se encontraron especialidades relacionadas según los filtros seleccionados.;2026-10-07T02:12:37Z;
2026-10-06 21:17:31;sin_citas;No se encontraron especialidades relacionadas según los filtros seleccionados.;2026-10-07T02:17:31Z;
2026-10-06 21:22:32;sin_citas;No se encontraron especialidades relacionadas según los filtros seleccionados.;2026-10-07T02:22:32Z;
2026-10-06 21:27:32;sin_citas;No se encontraron especialidades relacionadas según los filtros seleccionados.;2026-10-07T02:27:32Z;
2026-10-06 21:32:32;sin_citas;No se encontraron especialidades relacionadas según los filtros seleccionados.;2026-10-07T02:32:32Z;
2026-10-06 21:37:32;sin_citas;No se encontraron especialidades relacionadas según los filtros seleccionados.;2026-10-07T02:37:32Z;
2026-10-06 21:38:19;sin_citas;No se encontraron especialidades relacionadas según los filtros seleccionados.;2026-10-07T02:38:19Z;
2026-10-06 21:43:17;sin_citas;No se encontraron especialidades relacionadas según los filtros seleccionados.;2026-10-07T02:43:17Z;
2026-10-06 21:48:18;sin_citas;No se encontraron especialidades relacionadas según los filtros seleccionados.;2026-10-07T02:48:18Z;
2026-10-06 21:53:19;sin_citas;No se encontraron especialidades relacionadas según los filtros seleccionados.;2026-10-07T02:53:19Z;
2026-10-06 21:58:17;sin_citas;No se encontraron especialidades relacionadas según los filtros seleccionados.;2026-10-07T02:58:17Z;
2026-10-06 22:03:18;sin_citas;No se encontraron especialidades relacionadas según los filtros seleccionados.;2026-10-07T03:03:18Z;
2026-10-06 22:08:18;sin_citas;No se encontraron especialidades relacionadas según los filtros seleccionados.;2026-10-07T03:08:18Z;
2026-10-06 22:13:18;sin_citas;No se encontraron especialidades relacionadas según los filtros seleccionados.;2026-10-07T03:13:18Z;
2026-10-06 22:18:18;sin_citas;No se encontraron especialidades relacionadas según los filtros seleccionados.;2026-10-07T03:18:18Z;
2026-10-06 22:23:18;sin_citas;No se encontraron especialidades relacionadas según los filtros seleccionados.;2026-10-07T03:23:18Z;
2026-10-06 22:24:09;sin_citas;No se encontraron especialidades relacionadas según los filtros seleccionados.;2026-10-07T03:24:09Z;
2026-10-06 22:29:08;sin_citas;No se encontraron especialidades relacionadas según los filtros seleccionados.;2026-10-07T03:29:08Z;
2026-10-06 22:34:07;sin_citas;No se encontraron especialidades relacionadas según los filtros seleccionados.;2026-10-07T03:34:07Z;
2026-10-06 22:39:07;sin_citas;No se encontraron especialidades relacionadas según los filtros seleccionados.;2026-10-07T03:39:07Z;
2026-10-06 22:44:07;sin_citas;No se encontraron especialidades relacionadas según los filtros seleccionados.;2026-10-07T03:44:07Z;
2026-10-06 22:49:07;sin_citas;No se encontraron especialidades relacionadas según los filtros seleccionados.;2026-10-07T03:49:07Z;
2026-10-06 22:54:07;sin_citas;No se encontraron especialidades relacionadas según los filtros seleccionados.;2026-10-07T03:54:07Z;
2026-10-06 22:59:06;sin_citas;No se encontraron especialidades relacionadas según los filtros seleccionados.;2026-10-07T03:59:06Z;
2026-10-06 23:04:06;sin_citas;No se encontraron especialidades relacionadas según los filtros seleccionados.;2026-10-07T04:04:06Z;
2026-10-06 23:09:06;sin_citas;No se encontraron especialidades relacionadas según los filtros seleccionados.;2026-10-07T04:09:06Z;
2026-10-06 23:10:03;sin_citas;No se encontraron especialidades relacionadas según los filtros seleccionados.;2026-10-07T04:10:03Z;
2026-10-06 23:15:01;sin_citas;No se encontraron especialidades relacionadas según los filtros seleccionados.;2026-10-07T04:15:01Z;
2026-10-06 23:20:01;sin_citas;No se encontraron especialidades relacionadas según los filtros seleccionados.;2026-10-07T04:20:01Z;
2026-10-06 23:25:00;sin_citas;No se encontraron especialidades relacionadas según los filtros seleccionados.;2026-10-07T04:25:00Z;
2026-10-06 23:30:01;sin_citas;No se encontraron especialidades relacionadas según los filtros seleccionados.;2026-10-07T04:30:01Z;
2026-10-06 23:35:01;sin_citas;No se encontraron especialidades relacionadas según los filtros seleccionados.;2026-10-07T04:35:01Z;
2026-10-06 23:40:01;sin_citas;No se encontraron especialidades relacionadas según los filtros seleccionados.;2026-10-07T04:40:01Z;
2026-10-06 23:45:01;sin_citas;No se encontraron especialidades relacionadas según los filtros seleccionados.;2026-10-07T04:45:01Z;
2026-10-06 23:50:01;sin_citas;No se encontraron especialidades relacionadas según los filtros seleccionados.;2026-10-07T04:50:01Z;
